<?xml version="1.0" encoding="ISO-8859-1"?>
<!--======= Build Environment for Click Frontend ========-->
<!--========== Author: Deepak Unnikrishnan ==========-->
<!--with minor revisions from a class project compiler-->
<!--======Courtesy: Dr. Eliot Moss, UMass CS Dept.===-->


<project name="click" basedir="." default="compile">
   
   <!--========== global properties ==========-->

   <property name="build.compiler"      value="javac1.5"/>
   <property name="force"               value="false"/>
   
   <!--========== external task definitions ==========-->

   <taskdef resource="net/sf/antcontrib/antlib.xml">
      <classpath>
         <pathelement location="ant-contrib.jar"/>
      </classpath>
   </taskdef>

   <taskdef
         name="cup"
         classname="java_cup.anttask.CUPTask">
      <classpath>
         <pathelement location="java_cup.jar"/>
      </classpath>
   </taskdef>

	<taskdef
		     name="jflex"
		     classname="JFlex.anttask.JFlexTask">
		 <classpath>
		     <pathelement location="jflex.jar"/>
		  </classpath>
    </taskdef>
   	
	
   <!--========== targets: cleaning ==========-->

   <target
         name="clean"
         description="Delete click outputs and derivatives.">
      <delete quiet="true">
         <fileset dir="." includes="reports.txt"/>
      </delete>
   </target>


   <target
         name="oclean"
         description="Clean, then delete Java compiled files and java_cup output."
         depends="clean">
      <delete quiet="true">
         <fileset dir="." includes="bin/click/*.class,src/click/Parser.java,src/click/sym.java"/>
      </delete>
   </target>

	
   <target
         name="javacup"
         description="Runs Java CUP to generate Parser.java and sym.java">
      <uptodate property="javacup.uptodate" srcfile="click.cup">
         <mapper>
            <mapper type="merge" to="src/click/Parser.java"/>
            <mapper type="merge" to="src/click/sym.java"/>
         </mapper>
      </uptodate>
      <if>
         <or>
            <isfalse value="${javacup.uptodate}"/>
            <istrue  value="${force}"/>
         </or>
         <then>
            <cup srcfile="click.cup" destdir="src" parser="Parser" expect="3"/>
         </then>
      </if>
   </target>

	<target
		name="jflex"
		description="Runs JFlex to generate Lexer.java">
		   <uptodate property="jflex.uptodate" srcfile="click.flex">
		     <mapper>
		     	<mapper type="merge" to="src/click/Lexer.java"/>
		     </mapper>
		   </uptodate>
		   <if>
		      <or>
		         <isfalse value="${jflex.uptodate}"/>
		         <istrue  value="${force}"/>
		      </or>
		      <then>
		         <jflex file="click.flex" destdir="src" />
		      </then>
		  </if>
	   </target>


   <target
         name="javacup-dump"
         description="Runs Java CUP to generate Parser.java and sym.java and dumps tables">
      <uptodate property="javacup.uptodate" srcfile="click.cup">
         <mapper>
            <mapper type="merge" to="src/click/Parser.java"/>
            <mapper type="merge" to="src/click/sym.java"/>
         </mapper>
      </uptodate>
      <if>
         <or>
            <isfalse value="${javacup.uptodate}"/>
            <istrue  value="${force}"/>
         </or>
         <then>
            <cup srcfile="click.cup" destdir="src" parser="Parser" dump="true" expect="0"/>
         </then>
      </if>
   </target>


   <target
         name="compile"
         description="Compiles click."
         depends="javacup,jflex">
      <uptodate property="click.uptodate">
         <srcfiles dir="src/click" includes="*.java" excludes=".*.java"/>
         <regexpmapper handledirsep="true" from="^([a-zA-Z].*)\.java" to="bin/click/\1\.class"/>
      </uptodate>
      <if>
         <or>
            <isfalse value="${click.uptodate}"/>
            <istrue value="${force}"/>
         </or>
         <then>
            <mkdir dir="bin"/>
            <javac srcdir="src/click"
                   destdir="bin"
                   source="1.5"
                   target="1.5"
            	     includes="**/*.java"
                   excludes="**/.*.java"
                   debug="true">
               <classpath>
                  <pathelement location="src"/>
                  <pathelement location="java_cup.jar"/>
               </classpath>
            </javac>
         </then>
      </if>
   </target>


   <target
         name="-click"
         description="insure we have a click source file name to process"
         unless="click">
      <input addproperty="click">Click program to process: </input>
   </target>


   <target
         name="-clickname"
         description="insure we have a source file name in proper format"
         depends="-click">
      <basename property="click.base" file="config/${click}" suffix=".click"/>
      <available property="click.avail" file="config/${click.base}.click"/>
      <fail message="click file does not exist" unless="click.avail"/>
   </target>

   
   <target
         name="run"
         description="Run the click compiler."
         depends="-clickname,compile,jflex">
      <java classname="click.click" fork="true">
         <classpath>
            <pathelement location="bin"/>
            <pathelement location="java_cup.jar"/>
         </classpath>
         <jvmarg value="-ea"/>
         <arg value="config/${click.base}"/>
      </java>
   </target>

   <target
         name="Genlibrary"
         description="Generate Click Library."
         depends="">
      <java classname="click.GenLibrary" fork="true">
         <classpath>
            <pathelement location="bin"/>
         	<pathelement location="elements"/>
         </classpath>         
      	 <!--========== Location of ReClick generated Verilog Descriptions (*.v)  ==========-->
      	 <jvmarg value="-ea"/>
      	 <arg value="elements/rtl"/> 
      </java>
   </target>
	
	<target
         name="make-jar"
         description="Build a jar file for portability"
         depends="compile">
      <jar destfile="click.jar" filesetmanifest="mergewithoutmain">
         <manifest>
            <attribute name="Built-By" value="${user.name}"/>
            <attribute name="Main-Class" value="click.mpc"/>
            <attribute name="Class-Path" value="."/>
         </manifest>
         <fileset dir="." includes="**/*.java regression/* *.cup *.xml"/>
         <fileset dir="bin" includes="**/*.class" />
         <zipfileset excludes="META-INF/*.SF" src="ant-contrib.jar"/>
         <zipfileset excludes="META-INF/*.SF" src="java_cup.jar"/>
      </jar>
   </target>

</project>
